L,Ac,Cc,As,Af,tins,hi,fc,fy,Es,fu,Efrp,Tg,kins,rinscins,Ld,LR,FR
3,60000,25,402.1,0,0,0,47.6,591,205000,0,0,0,0,0,61.2,44.8,90
3,60000,25,402.1,0,0,0,45.5,591,205000,0,0,0,0,0,61.2,44.8,90
3,60000,25,402.1,120,25,0,44.4,591,205000,2800,165000,52,0.175,730800,81.2,38.4,76
3,60000,25,402.1,120,40,80,47.4,591,205000,2800,165000,52,0.175,730800,81.2,38.4,90
3,60000,25,402.1,120,25,80,45.1,591,205000,2800,165000,52,0.175,730800,81.2,38.4,92
3,60000,25,402.1,120,0,0,46,591,205000,2800,165000,52,0.175,730800,81.2,38.4,76
3,60000,25,402.1,120,25,0,47.6,591,205000,2800,165000,52,0.175,730800,81.2,38.4,90
3,60000,25,402.1,120,25,0,44.3,591,205,2800,165000,52,0.125,735000,81.2,38.4,91
6,100000,20,402.1,66.8,40,500,23,375,200000,4030,160000,73,0.06,193550,121,52.2,84
3.7,103124,38,850.6,0,0,0,52,450,210000,0,0,0,0,0,100,55,180
3.7,103124,38,850.6,460,25,100,52,450,210000,986,958000,82,0.116,245700,140,50,180
1.5,12000,10,56.55,0,0,0,25.6,542,200000,0,0,0,0,0,10.2,58,69
1.5,12000,10,56.55,60,0,0,25.6,542,200000,2742,170900,55,0,0,16.3,47,60
1.5,12000,10,56.55,60,25,0,25.6,542,200000,2742,170900,55,0.058,326325,16.3,47,90
1.5,12000,10,56.55,60,25,0,25.6,542,200000,2742,170900,55,0.164,619440,16.3,47,89
1.5,12000,10,56.55,60,40,0,25.6,542,200000,2742,170900,55,0.058,326325,16.3,47,208
1.5,12000,10,56.55,60,40,0,25.6,542,200000,2742,170900,55,0.164,619440,16.3,47,181
1.26,12000,15,56.55,0,0,0,37,546,193000,0,0,0,0,0,7.2,38,50
1.26,12000,15,56.55,28,0,0,37,546,193000,2076,189000,47,0,0,23.4,36,15
1.26,12000,15,56.55,28,0,0,37,546,193000,2076,189000,47,0.09,366750,23.4,36,31
1.26,12000,15,56.55,28,25,0,37,546,193000,2076,189000,47,0.09,366750,23.4,36,32
1.26,12000,15,56.55,28,25,0,37,546,193000,2076,189000,47,0.09,366750,23.4,36,50
1.26,12000,15,56.55,28,25,0,37,546,193000,2076,189000,47,0.09,366750,23.4,36,75
1.26,12000,15,56.55,28,50,0,37,546,193000,2076,189000,47,0.09,366750,23.4,36,80
1.26,12000,15,56.55,28,25,0,37,546,193000,2076,189000,85,0.09,366750,23.4,36,74
1.26,12000,15,56.55,28,0,0,37,546,193000,2076,189000,47,0,0,23.4,36,12
1.26,12000,15,56.55,28,25,0,37,546,193000,2076,189000,47,0.09,366750,23.4,36,61
4.7,90000,20,402,33.4,50,450,30.7,372,210000,4030,260000,73,0.12,500000,80,43.5,149
4.7,90000,20,402,33.4,20,200,30.7,372,210000,4030,260000,73,0.12,500000,80,43.5,117
5.2,100000,20,942.5,33.4,40,500,30.7,372,210000,4030,260000,73,0.061,185000,132,63,120
5.2,100000,20,942.5,33.4,1.5,500,30.7,372,210000,4030,260000,73,0.06,480000,132,63,123
4.4,100000,25,760.3,0,0,0,40.4,364,210000,0,0,0,0,0,76,0.5,129
4.4,100000,25,760.3,41.75,10,80,40.4,364,210000,3455,200000,85,0.126,518000,102,0.5,199
3,45000,19,157.1,0,0,0,30.1,500,210000,0,0,0,0,0,48,0.5,77
3,45000,19,157.1,60,20,300,30.1,500,210000,2742,170900,75,0.13,594000,48,0.3,100
3,45000,19,157.1,60,35,300,30.1,500,210000,2742,170900,75,0.13,594000,48,0.3,108
3,45000,19,157.1,60,50,300,30.1,500,210000,2742,170900,75,0.13,594000,48,0.3,127
3,45000,19,157.1,60,20,300,30.1,500,210000,2742,170900,75,0.67,1320000,48,0.3,92
3,45000,19,157.1,60,35,300,30.1,500,210000,2742,170900,75,0.67,1320000,48,0.3,114
3,45000,19,157.1,60,50,300,30.1,500,210000,2742,170900,75,0.67,1320000,48,0.3,104
3,45000,19,157.1,60,20,300,30.1,500,210000,2742,170900,75,0.058,427500,48,0.3,86
3,45000,19,157.1,60,35,300,30.1,500,210000,2742,170900,75,0.058,427500,48,0.3,128
3,45000,19,157.1,60,50,300,30.1,500,210000,2742,170900,75,0.058,427500,48,0.3,128
3.66,60800,19,339.3,76.5,19,152,48,500,210000,1172,96500,80,0.156,510000,21,56,180
3.66,60800,19,339.3,76.5,25,152,48,500,210000,1172,96500,80,0.156,510000,26,66,180
3.66,125730,38,603.2,173.4,0,0,42,440,210000,1034,73770,82,0,510000,98,51,180
3.66,125730,38,603.2,173.4,25,75,42,440,210000,1034,73770,82,0.156,510000,98,51,180
3.66,125730,38,603.2,173.4,19,112,42,440,210000,1034,73770,82,0.156,510000,116,61,176
3.66,125730,38,603.2,102,32,152,46,460,210000,1172,96500,82,0.156,510000,97,51,240
3.66,125730,38,898,102,19,152,46,450,210000,1172,96500,82,0.156,510000,128,54,240
